row,run_id,phase_id,actual,logistic_cv,forest_cv
0,75,242,BENIGN,BENIGN,BENIGN
1,75,242,BENIGN,BENIGN,BENIGN
2,75,243,RECONNAISSANCE,RECONNAISSANCE,RECONNAISSANCE
3,75,243,RECONNAISSANCE,RECONNAISSANCE,RECONNAISSANCE
4,75,244,INITIAL_ACCESS_PATTERN,INITIAL_ACCESS_PATTERN,INITIAL_ACCESS_PATTERN
5,75,244,INITIAL_ACCESS_PATTERN,INITIAL_ACCESS_PATTERN,INITIAL_ACCESS_PATTERN
6,76,249,LATERAL_MOVEMENT,DDOS_MEDIUM,DDOS_MEDIUM
7,76,249,LATERAL_MOVEMENT,EXFILTRATION_LIKE,LATERAL_MOVEMENT
8,76,249,LATERAL_MOVEMENT,EXFILTRATION_LIKE,EXFILTRATION_LIKE
9,77,250,C2_BEACON_PATTERN,C2_BEACON_PATTERN,C2_BEACON_PATTERN
10,77,250,C2_BEACON_PATTERN,C2_BEACON_PATTERN,C2_BEACON_PATTERN
11,79,252,DDOS_LOW,DDOS_LOW,DDOS_LOW
12,79,252,DDOS_LOW,DDOS_LOW,DDOS_LOW
13,80,253,DDOS_MEDIUM,DDOS_MEDIUM,DDOS_HIGH
14,80,253,DDOS_MEDIUM,C2_BEACON_PATTERN,C2_BEACON_PATTERN
15,80,253,DDOS_MEDIUM,DDOS_HIGH,DDOS_MEDIUM
16,81,254,DDOS_HIGH,DDOS_HIGH,DDOS_HIGH
17,81,254,DDOS_HIGH,DDOS_HIGH,DDOS_HIGH
18,81,254,DDOS_HIGH,DDOS_HIGH,DDOS_MEDIUM
19,82,255,EXFILTRATION_LIKE,EXFILTRATION_LIKE,EXFILTRATION_LIKE
20,82,255,EXFILTRATION_LIKE,EXFILTRATION_LIKE,EXFILTRATION_LIKE
